{"max":2.3640100955963135,"min":0.049780890345573425,"num":752}